追番,警察署,目撃(発見)年月日,目撃(発見)時間,目撃(発見)場所,状況,頭数,体長,緯度,経度
1,長門,令和6年1月4日,18:40,"長門市日置上
　　県道上",車で走行中に、道路上にいた熊を目撃したもの,1,約60cm,34.39233 ,131.13680 
2,防府,令和6年1月4日,12:30,"防府市大字下右田
　　右田小学校グランド内",グランド内に動物の足跡を発見したことから、猟友会員が現場を確認し、熊によるものと認めたもの,不明,不明,34.07751 ,131.56148 
3,山口南,令和6年1月11日,7:30,"山口市小郡上郷
　　市道上",自転車で走行中に、道路を横切った熊を目撃したもの,1,約１ｍ,34.13179 ,131.42555 
4,防府,令和6年1月16日,6:41,"防府市大字上右田
　　市道上",防犯カメラに、熊の可能性のある動物が映っていたもの,1,約80cm,34.08188 ,131.56965 
5,萩,令和6年2月10日,16:30,"萩市大字山田
　　市道上",公会堂に立ち寄った際、付近で熊を目撃したもの,2,"約２ｍ
約１ｍ",34.41128 ,131.37494 
6,美祢,令和6年2月16日,20:30,"美祢市伊佐町伊佐
　　市道上",車で走行中に、道路脇にいた熊様の動物を目撃したもの,1,約1.5ｍ,34.16156 ,131.19979 
7,小串,令和6年2月18日,18:00,"下関市豊北町大字滝部
　　市道上",車で走行中に、道路を横切る熊様の黒い動物を目撃したもの,1,約１ｍ,34.29511 ,130.93020 
8,山口南,令和6年3月7日,11:15,"山口市小郡上郷
　　空き地",草刈り作業中、駐車した自動車内で休憩していた際、山中に向かって歩いている熊を目撃したもの,1,約60cm,34.11689 ,131.38557 
9,山口南,令和6年3月11日,15:00,"山口市小郡金堀町
　　畑",徒歩で進行中に、動物が畑に顔をうずめていたのを目撃し、目撃者に向けて顔をあげたことから熊と認めたもの,1,約１ｍ,34.11171 ,131.39232 
10,萩,令和6年3月13日,13:30,"萩市大字紫福
　　県道上",車で走行中に、道路を横断する熊を目撃したもの,1,約１ｍ,34.45948 ,131.48618 
11,岩国,令和6年3月19日,12:16,"岩国市御庄
　　県道沿いの法面",車で走行中に、県道沿いの法面にいた熊を目撃したもの,1,約50cm,34.17402 ,132.16821 
12,岩国,令和6年4月5日,7:55,"岩国市錦町
　　国道沿いの法面",車で走行中に、県道沿いの法面にいた熊を目撃したもの,1,約150cm,34.29370 ,131.97089 
13,岩国,令和6年4月7日,8:00,"岩国市美和町釜ヶ原
　　市道上",歩行中、市道を横切る熊を目撃したもの,1,約90cm,34.26448 ,132.12413 
14,岩国,令和6年4月8日,14:00,"岩国市玖珂町
　　国道上",歩行中、国道を横切る熊を目撃したもの,1,約50cm,34.10777 ,132.09672 
15,岩国,令和6年4月8日,14:30,"岩国市横山
　　市道上",歩行中、市道上にいる熊を目撃したもの,1,約50cm,34.17006 ,132.17761 
16,萩,令和6年4月10日,7:40,"萩市川上
　　市道上",車で走行中、市道を横切る熊を目撃したもの,1,約100cm,34.37913 ,131.45246 
17,岩国,令和6年4月13日,18:10,"岩国市錦町広瀬
　　錦川",車で走行中、川を横切る熊を目撃したもの,1,約100cm,34.26839 ,131.97676 
18,下松,令和6年4月17日,18:34,"下松市大字下谷
　　県道上",車で走行中、県道上にいる熊を目撃したもの,1,約100cm,34.08681 ,131.88419 
19,岩国,令和6年4月19日,11:50,"岩国市美和町北中山
　　山中",山中を移動中、タケノコを食べる熊を目撃したもの,1,約100cm,34.27677 ,132.09627 
20,周南,令和6年4月25日,17:30,"周南市大字清尾
　　市道上",歩行中、市道上にいる熊を目撃したもの,1,不明,34.05746 ,131.98480 
21,周南,令和6年4月26日,12:00,"周南市大字大潮
　　国道上",車で走行中、国道を横切る熊を目撃したもの,1,不明,34.30385 ,131.76386 
22,岩国,令和6年4月26日,15:00,"玖珂郡和木町和木二丁目
　　山中",付近公園で遊戯中、山中にいる熊ようの動物を目撃したもの,1,約100cm,34.20335 ,132.22507 
23,萩,令和6年4月29日,16:00,"萩市大字明木
　　市道上",車で走行中、山中から市道に出てきた熊を目撃したもの,1,約100cm,34.34289 ,131.39042 
24,萩,令和6年4月30日,11:00,"萩市大字高佐下
　　市道上",車で走行中、市道上にいる熊を目撃したもの,2,約100cm,34.47135 ,131.58853 
25,萩,令和6年4月30日,17:35,"萩市大字須佐
　　線路上",列車で走行中、線路上にいる熊を目撃したもの,1,約100cm,34.61872 ,131.59038 
26,山口,令和6年5月1日,16:00,"山口市徳地三谷
　　県道上",車で走行中、県道を横切ろうとする熊を目撃したもの,1,約70～80cm,34.23294 ,131.67774 
27,山口南,令和6年5月3日,3:01,"山口市鋳銭司
　　県道上",バイクで走行中、県道を横切る熊ようの動物を目撃したもの,1,約40cm,34.07582 ,131.44127 
28,萩,令和6年5月6日,11:35,"萩市大字高佐上
　　市道上",徒歩で通行中、市道を横切る熊を目撃したもの,1,約120cm,34.47223 ,131.59026 
29,岩国,令和6年5月5日,12:00,"岩国市美和町佐坂
　　山中（竹藪）",竹藪において、若竹の食害を発見したことから、市職員と確認したところ、熊によるものと認めたもの,不明,不明,34.23492 ,132.11944 
30,防府,令和6年4月30日,5:57,"防府市大字久兼
　　山中",熊ようの動物が猪用の罠に向けて設置された定点カメラに撮影されていたことから通報したもの,1,不明,34.11971 ,131.63961 
31,小串,令和6年5月8日,6:45,"下関市豊北町大字神田
　　山中（竹藪）",散歩中、竹藪の中で熊ようの動物が移動しているのを目撃したもの,1,不明,34.31201 ,130.89480 
32,岩国,令和6年5月8日,9:00,"岩国市美和町北中山
　　山中（竹藪）",タケノコ掘りのため、竹藪に入ったところ、タケノコの食害及び動物の糞を発見したことから、市職員、猟友会員と確認したところ、熊によるものと認めたもの,不明,不明,34.28146 ,132.10657 
33,周南,令和6年5月9日,18:55,"周南市大字上村
　　市道上",同僚と談笑中、市道を横切る熊を目撃したもの,1,約100cm,34.09733 ,131.80190 
34,小串,令和6年5月10日,7:45,"下関市豊浦町大字室津下
　　県道上",ランニング中、県道を横切る熊を目撃したもの,1,約100cm,34.12531 ,130.88995 
35,岩国,令和6年5月10日,22:45,"岩国市由宇町
　　線路上",列車で進行中、線路上に熊ようの動物を目撃したもの,1,約100cm,34.01601 ,132.21592 
36,下松,令和6年5月11日,7:00,"下松市葉山
　　県道上",車で走行中、県道を横切る熊ようの動物を目撃したもの,1,約100cm,34.02598 ,131.90781 
37,岩国,令和6年5月11日,9:17,"岩国市由宇町神東
　　市道上",在宅中、市道を横切る熊を目撃したもの,1,約100cm,34.00107 ,132.21019 
38,柳井,令和6年5月11日,15:30,"柳井市神代
　　市道上",在宅中、市道を横切る熊を目撃したもの,1,約170cm,33.98107 ,132.18913 
39,萩,令和6年5月12日,17:30,"萩市大字福井下
　　県道上",車で走行中、県道を横切る熊を目撃したもの,1,約130cm,34.43367 ,131.50715 
40,岩国,令和6年5月14日,15:35,"玖珂郡和木町瀬田
　　公園付近",歩行中、公園敷地内で熊ようの動物を目撃したもの,1,約100cm,34.19647 ,132.21434 
41,岩国,令和6年5月14日,15:30,"岩国市周東町獺越
　　県道上",車で走行中、県道上にいる熊を目撃したもの,1,約100cm,34.12103 ,131.97545 
42,岩国,令和6年5月14日,17:00,"岩国市叶木
　　市道上",車で走行中、市道上にいる熊を目撃したもの,1,約100cm,34.09573 ,132.13461 
43,萩,令和6年5月15日,11:45,"萩市大字吉部下
　　県道上",車で走行中、県道を横切る熊を目撃したもの,1,約100cm,34.44059 ,131.55152 
44,光,令和6年5月14日,19:30,"周南市大字奥関屋
　　県道上",車で走行中、県道上を横切る熊を目撃したもの,1,約60cm,34.06716 ,131.95503 
45,光,令和6年5月15日,14:30,"周南市大字八代
　　山中",車で走行中、山の斜面に熊を目撃したもの,1,約100cm,34.09355 ,131.95649 
46,萩,令和6年5月15日,16:30,"萩市大字椿東
　　畑",在宅中、畑の中にいる熊を目撃したもの,1,約60cm,34.38533 ,131.42953 
47,山口南,令和6年5月18日,18:30,"山口市嘉川
　　県道上",車で走行中、県道を横切る熊を目撃したもの,1,約80cm,34.08398 ,131.34858 
48,周南,令和6年5月18日,12:05,"周南市大字小畑
　　国道上",車で走行中、国道を横切る熊を目撃したもの,1,約100cm,34.09496 ,131.74773 
49,萩,令和6年5月21日,7:55,"阿武郡阿武町大字福田下
　　県道上",車で走行中、山中に入っていく熊を目撃したもの,1,約100cm,34.54726 ,131.56239 
50,長門,令和6年5月21日,4:57,"長門市油谷津黄
　　県道上",車で走行中、県道を横切る熊を目撃したもの,1,約100cm,34.41479 ,131.06316 
51,美祢,令和6年5月21日,14:55,"美祢市美東町絵堂
　　田んぼの中",車で走行中、田んぼの中にいる熊を目撃したもの,1,約100cm,34.28796 ,131.36852 
52,山口,令和6年5月20日,19:07,"山口市徳地鯖河内
　　県道上",車で走行中、県道を横切る熊を目撃したもの,1,約100cm,34.18266 ,131.71780 
53,岩国,令和6年5月21日,18:27,"岩国市通津
　　市道上",散歩中、山中から市道に出てくる熊を目撃したもの,1,約60cm,34.06571 ,132.20009 
54,岩国,令和6年5月21日,18:00,"岩国市柱野
　　山中",在宅中、山中に入っていく熊を目撃したもの,1,約100cm,34.13355 ,132.14667 
55,山口,令和6年5月21日,23:00,"山口市仁保中郷
　　国道上",車で走行中、国道を横切る熊を目撃したもの,1,約100cm,34.20551 ,131.57014 
56,柳井,令和6年5月22日,18:51,"熊毛郡田布施町大字上田布施
　　県道上",車で走行中、県道を横切る熊を目撃したもの,1,約80cm,33.95425 ,131.98647 
57,下松,令和6年5月22日,16:05,"下松市大字温見
　　県道上",車で走行中、県道を横切る熊を目撃したもの,1,約60cm,34.08598 ,131.90060 
58,萩,令和6年5月22日,18:15,"萩市大字明木
　　駐車場",車で走行中、駐車場にいた熊を目撃したもの,1,約100cm,34.32664 ,131.39983 
59,萩,令和6年5月23日,17:30,"萩市川上
　　県道上",車で走行中、山中にいる熊を目撃したもの,1,不明,34.36005 ,131.44705 
60,山口,令和6年5月23日,19:00,"山口市阿東徳佐下
　　国道上",車で走行中、国道を横切る熊を目撃したもの,1,約200cm,34.40061 ,131.70032 
61,長門,令和6年5月24日,6:30,"長門市油谷蔵小田
　　民家敷地内",自宅敷地内で作業中、山へ走り去る熊を目撃したもの,1,約100cm,34.39613 ,131.04869 
62,岩国,令和6年5月25日,18:30,"岩国市関戸
　　県道上",徒歩で進行中、県道を横切る熊を目撃したもの,1,約100cm,34.18320 ,132.17179 
63,萩,令和6年5月26日,10:30,"萩市大字高佐下
　　畑",徒歩で進行中、畑の中にいる熊を目撃したもの,1,約100cm,34.45988 ,131.60644 
64,光,令和6年5月27日,16:35,"周南市清光台町
　　公園内",公園内で遊戯中、公園内の法面にいる熊を目撃したもの,2,不明,34.03111 ,131.94925 
65,光,令和6年5月27日,18:45,"周南市大字原
　　県道上",車で走行中、県道を横切る熊を目撃したもの,1,約100cm,34.06727 ,131.95908 
66,萩,令和6年5月29日,17:30,"阿武郡阿武町大字奈古
　　県道上",ウォーキング中、県道を横切る熊を目撃したもの,1,約80cm,34.50840 ,131.49310 
67,岩国,令和6年5月30日,10:58,"岩国市錦町須川
　　国道上",車で走行中、国道を横切る熊を目撃したもの,1,約100cm,34.34915 ,132.00380 
68,萩,令和6年5月30日,12:50,"萩市大字高佐下
　　市道上",車で走行中、市道を横切る熊を目撃したもの,1,約100cm,34.45720 ,131.59330 
69,山口,令和6年5月29日,14:00,"山口市上宇野令
　　山中",登山中、山中で熊を目撃したもの,1,約120cm,34.22188 ,131.46102 
70,光,令和6年5月30日,16:40,"光市大字塩田
　　田",車で走行中、田んぼの中にいる熊を目撃したもの,1,約120cm,33.98781 ,132.02641 
71,光,令和6年5月30日,17:45,"周南市大字大河内
　　国道上",自転車で走行中、山中にいる熊を目撃したもの,1,約100cm,34.03922 ,131.94919 
72,岩国,令和6年6月1日,6:44,"岩国市廿木
　　国道上",車で走行中、竹藪から山中に移動する熊を目撃したもの,1,約150cm,34.11917 ,132.10487 
73,山口,令和6年6月1日,8:10,"山口市宮野上
　　県道上",車で走行中、県道を横切る熊を目撃したもの,1,約50cm,34.22702 ,131.50615 
74,防府,令和6年6月2日,18:30,"防府市大字田島
　　海岸",海岸で釣り中、２頭の熊を目撃したもの,2,約100cm,34.00004 ,131.52612 
75,宇部,令和6年6月2日,9:20,"宇部市大字中山
　　山中",登山中、山中で熊を目撃したもの,1,約100cm,33.98989 ,131.24483 
76,岩国,令和6年6月2日,4:15,"岩国市玖珂町
　　空き地",車で走行中、市道沿いの空き地で熊を目撃したもの,1,約100cm,34.10054 ,132.05840 
77,萩,令和6年6月3日,6:50,"阿武郡阿武町大字奈古
　　県道上",車で走行中、県道上にいる熊を目撃したもの,1,約80cm,34.49627 ,131.48666 
78,光,令和6年6月3日,17:40,"周南市大字中須南
　　国道上",車で走行中、国道を横切る熊を目撃したもの,1,約100cm,34.10265 ,131.93171 
79,周南,令和6年6月3日,17:40,"周南市大字金峰
　　県道上",車で走行中、県道を横切る熊を目撃したもの,1,約100cm,34.18922 ,131.88749 
80,柳井,令和6年6月4日,10:15,"柳井市日積
　　県道上",車で走行中、県道を横切る熊を目撃したもの,1,約80cm,34.01098 ,132.15324 
81,萩,令和6年6月5日,15:45,"萩市大字椿東
　　県道上",車で走行中、県道を横切る熊を目撃したもの,1,約100cm,34.38303 ,131.43345 
82,萩,令和6年6月5日,17:42,"萩市大字椿東
　　県道上",車で走行中、県道上にいる熊を目撃したもの,1,約150cm,34.38242 ,131.43509 
83,岩国,令和6年6月5日,19:30,"岩国市天尾
　　民家敷地内",自宅窓を開けたところ、自宅敷地内にいる熊を目撃したもの,1,約150m,34.17826 ,132.06687 
84,山口南,令和6年6月6日,4:37,"山口市秋穂東
　　市道上",車で走行中、市道上にいる熊を目撃したもの,1,約100cm,34.00166 ,131.43050 
85,山口,令和6年6月6日,15:40,"山口市徳地柚木
　　国道上",車で走行中、国道上にいる熊を目撃したもの,1,約100cm,34.34498 ,131.71612 
86,宇部,令和6年6月7日,8:02,"宇部市大字小野
　　県道",車で走行中、県道脇の木にぶら下がっている熊を目撃したもの,1,約100cm,34.10408 ,131.32774 
87,宇部,令和6年6月6日,18:30,"宇部市大字中山
　　山中",登山道を自転車で走行中、山中にいる熊を目撃したもの,1,約100cm,33.98840 ,131.24826 
88,光,令和6年6月7日,11:10,"光市大字浅江
　　市道上",車で走行中、市道上を歩く熊を目撃したもの,1,約150cm,33.98043 ,131.90475 
89,柳井,令和6年6月8日,6:15,"柳井市日積
　　路上",徒歩にて移動中、熊ようの動物の足跡を発見したもの,不明,不明,34.00126 ,132.13815 
90,長門,令和6年6月8日,11:20,"長門市俵山
　　県道上",車で走行中、県道上にいる熊を目撃したもの,1,約100cm,34.29665 ,131.12657 
91,山陽小野田,令和6年6月8日,17:00,"山陽小野田市大字鴨庄
　　市道上",徒歩にて移動中、市道上にいる熊を目撃したもの,1,約150cn,34.07489 ,131.16673 
92,岩国,令和6年6月10日,13:30,"岩国市本郷町本郷
　　県道上",車両から降車した際、県道を横切る熊を目撃したもの,1,約200cm,34.27201 ,132.03903 
93,柳井,令和6年6月10日,18:20,"柳井市柳井
　　県道上",車両で走行中、県道を横切る熊を目撃したもの,1,約100cm,33.99714 ,132.10425 
94,光,令和6年6月10日,19:55,"周南市大字原
　　県道上",車両で走行中、県道を歩く熊を目撃したもの,1,約120cm,34.06737 ,131.95941 
95,周南,令和6年6月11日,11:10,"周南市大字須万
　　市道上",目撃者が自宅から外を見たところ、市道を歩く熊を目撃したもの,1,約100cm,34.19857 ,131.92128 
96,山口,令和6年6月11日,11:00,"山口市阿東篠目
　　市道上",車両で走行中、市道を横切る熊を目撃したもの,1,約100cm,34.28544 ,131.56467 
97,山口,令和6年6月7日,18:00,"山口市阿東篠目
　　山中",環境調査のため設置していた定点カメラに、山中を移動する熊が映っていたもの,1,不明,34.25336 ,131.53319 
98,岩国,令和6年6月8日,22:50,"岩国市周東町西長野
　　休耕田内",目撃者が換気のため窓を開けたところ、休耕田から山中に移動する熊を目撃したもの,1,約100cm,34.09275 ,132.02676 
99,長門,令和6年6月12日,2:20,"長門市油谷久富
　　農道上",車で走行中、農道を横切る熊を目撃したもの,1,約120cm,34.36406 ,131.07852 
100,下松,令和6年6月13日,1:00,"下松市大字東豊井
　　国道上",車で走行中、国道を横切る熊を目撃したもの,1,約100cm,33.99133 ,131.88427 
101,柳井,令和6年6月14日,17:55,"熊毛郡平尾町大字平生村
　　町道上",徒歩にて進行中、町道上に熊を目撃したもの,2,"約100cm
約50cm",33.94586 ,132.06894 
102,周南,令和6年6月14日,19:50,"周南市大字小畑
　　国道上",車で走行中、国道を横切る熊を目撃したもの,1,約80cm,34.10121 ,131.74034 
103,柳井,令和6年6月14日,20:43,"熊毛郡田布施町大字波野
　　町道上",車で走行中、町道を横切る熊を目撃したもの,1,約100cm,33.96672 ,132.05282 
104,岩国,令和6年6月13日,12:00,"岩国市錦町宇佐郷
　　市道上",散歩中、市道を歩く熊を目撃したもの,1,約100cm,34.36561 ,132.01489 
105,萩,令和6年6月16日,5:00,"萩市大字鈴野川
　　道路上",車で走行中、道路を横切る熊を目撃したもの,1,約100cm,34.55576 ,131.68116 
106,山口,令和6年6月14日,9:15,"山口市阿東生雲西分
　　県道上",車で走行中、県道を横切る熊を目撃したもの,1,約100cm,34.37141 ,131.62047 
107,周南,令和6年6月16日,9:30,"周南市大字大向
　　県道上",車で走行中、県道を横切る熊を目撃したもの,1,約60cm,34.18207 ,131.84687 
108,岩国,令和6年6月16日,14:00,"岩国市周東町上須通
　　国道上",車で走行中、国道を横切る熊を目撃したもの,1,約100cm,34.11840 ,131.99218 
109,光,令和6年6月16日,18:30,"光市大字束荷
　　広域農道上",車で走行中、林の中にいる熊を目撃したもの,1,約150cm,34.01090 ,132.02283 
110,周南,令和6年6月17日,7:07,"周南市大字中須南
　　県道上",車で走行中、県道を横切る熊を目撃したもの,1,約100cm,34.11657 ,131.91860 
111,岩国,令和6年6月15日,17:00,"岩国市錦町宇佐郷
　　市道上",車で走行中、市道を歩く熊を目撃したもの,1,約100cm,34.25271 ,132.09603 
112,光,令和6年6月14日,21:00,"周南市大字呼坂
　　市道脇",目撃者が庭先から、市道にいる熊を目撃したもの,1,約150cm,34.04197 ,131.95340 
113,小串,令和6年6月14日,17:10,"下関市豊北町大字北宇賀
　　山中",職場敷地から、山中を歩く熊を目撃したもの,1,約100cm,34.26476 ,130.92552 
114,下松,令和6年6月17日,13:00,"下松市大字切山
　　県道上",目撃者がランニング中、県道脇にいる熊を目撃したもの,1,約100cm,34.04840 ,131.91725 
115,山口,令和6年6月19日,17:30,"山口市阿東生雲東分
　　阿武川内",目撃者が犬の散歩中、阿武川内を歩く熊を目撃したもの,1,約100cm,34.32296 ,131.60674 
116,光,令和6年6月20日,6:10,"光市大字岩田
　　市道上",車で走行中、市道上にいる熊を目撃したもの,1,約120cm,33.99452 ,132.00212 
117,萩,令和6年6月20日,8:35,"萩市大字山田
　　県道上",車で走行中、県道を横切る熊を目撃したもの,1,約80cm,34.32869 ,131.35909 
118,柳井,令和6年6月18日,19:05,"熊毛郡田布施町大字宿井
　　県道上",車で走行中、県道を横切る熊を目撃したもの,1,約70cm,33.98542 ,132.02446 
119,萩,令和6年6月20日,6:25,"萩市大字佐々並
　　国道上",車で走行中、国道を横切る熊を目撃したもの,1,約150cm,34.30564 ,131.45691 
120,山口,令和6年6月20日,14:40,"山口市徳地山畑
　　国道上",車で走行中、国道を横切る熊を目撃したもの,1,約150cm,34.17621 ,131.68699 
121,長門,令和6年6月20日,7:50,"長門市油谷新別名
　　市道脇",車で走行中、市道脇にいる熊を目撃したもの,1,約100cm,34.36414 ,131.05408 
122,小串,令和6年6月21日,21:00,"下関市豊北町大字粟野
　　県道上",車で走行中、県道を横切る熊を目撃したもの,1,約100cm,34.31481 ,130.96788 
123,山口,令和6年6月23日,15:45,"山口市徳地柚木
　　民家敷地内",自宅の外で物音がしたため、窓を開けたところ、熊を目撃したもの,1,約150cm,34.34567 ,131.73613 
124,宇部,令和6年6月23日,17:30,"宇部市大字西岐波
　　市道脇",車で走行中、市道脇にいる熊を目撃したもの,1,約50cm,33.98460 ,131.30423 
125,周南,令和6年6月24日,20:33,"周南市大字長穂
　　市道上",車に乗り込もうとした際に、市道上を歩く熊を目撃したもの,1,約100cm,34.12933 ,131.83251 
126,萩,令和6年6月25日,11:05,"阿武郡阿武町大字福田下
　　県道上",車で走行中、県道を横切る熊を目撃したもの,1,約100cm,34.52422 ,131.58893 
127,岩国,令和6年6月24日,17:30,"岩国市周東町田尻
　　農道上",車で走行中、農道を横切る熊を目撃したもの,1,約100cm,34.03053 ,132.07525 
128,光,令和6年6月26日,7:10,"光市大字塩田
　　市道上",車で走行中、市道上にいる熊を目撃したもの,1,約120cm,34.01316 ,132.03156 
129,美祢,令和6年6月26日,8:44,"美祢市秋芳町嘉万
　　県道上",車で走行中、県道を横切る熊を目撃したもの,1,約100cm,34.29038 ,131.25742 
130,光,令和6年6月25日,17:55,"周南市大字呼坂
　　市道脇",車で走行中、市道脇にいる熊を目撃したもの,1,約100cm,34.04201 ,131.95344 
131,岩国,令和6年6月26日,17:55,"岩国市美和町生見
　　県道上",車で走行中、県道を横切る熊を目撃したもの,1,約50cm,34.23799 ,132.08097 
132,光,令和6年6月25日,18:00,"周南市大字屋関屋
　　県道脇",車で走行中、県道脇にいる熊を目撃したもの,1,約80cm,34.06726 ,131.95307 
133,萩,令和6年6月27日,10:30,"萩市大字上小川西分
　　県道上",車で走行中、県道を横切る熊を目撃したもの,1,約80cm,34.56712 ,131.66514 
134,周南,令和6年6月27日,15:45,"周南市大字長穂
　　路上",徒歩にて移動中、路上を横切る熊を目撃したもの,2,"約100cm
約50cm",34.13086 ,131.83350 
135,長門,令和6年6月29日,5:15,"長門市深川湯本
　　国道上",車で走行中、国道沿いを移動する熊を目撃したもの,1,約100cm,34.32016 ,131.18487 
136,周南,令和6年6月30日,12:05,"周南市大字米光
　　国道上",車で走行中、国道を横切る熊を目撃したもの,1,約100cm,34.13461 ,131.73580 
137,萩,令和6年6月30日,17:40,"萩市大字高佐下
　　田畑",近所の者と雑談中、田畑内を横切る熊を目撃したもの,1,約100cm,34.45827 ,131.59231 
138,長門,令和6年6月29日,9:40,長門市油谷藏小田,車で走行中、市道脇にいる熊を目撃したもの,1,約100cm,34.38268 ,131.06603 
139,萩,令和6年7月1日,18:18,"萩市大字弥富上
　　国道上",車で走行中、国道脇にいる熊を目撃したもの,1,約100cm,34.55052 ,131.61440 
140,小串,令和6年7月1日,17:10,"下関市豊北町大字粟野
　　市道上",犬の散歩中、山に移動していく熊を目撃したもの,1,約70ccm,34.30369 ,130.97615 
141,山口,令和6年7月2日,18:35,"山口市阿東徳佐下
　　国道上",車で走行中、国道上にいる熊を目撃したもの,1,約120cm,34.38206 ,131.72119 
142,柳井,令和6年7月2日,19:25,"熊毛郡田布施町大字上田布施
　　田畑",自宅の外にいたところ、田んぼの中を移動する熊ようの動物を目撃したもの,1,約100cm,33.94383 ,132.01060 
143,萩,令和6年7月3日,15:00,"萩市大字佐々並
　　市道上",自転車で走行中、市道脇にいる熊を目撃したもの,1,約100cm,34.28573 ,131.46581 
144,光,令和6年7月3日,17:10,"周南市大字奥関屋
　　県道上",車で走行中、県道脇にいる熊を目撃したもの,1,約50cm,34.07292 ,131.94812 
145,柳井,令和6年7月4日,20:45,"柳井市柳井
　　県道上",車で走行中、県道を横切ろうとする熊を目撃したもの,1,約100cm,33.98621 ,132.09780 
146,美祢,令和6年7月5日,10:10,"美祢市秋芳町別府
　　山中",花尾山から下山中、登山道を横切る熊を目撃したもの,1,約130cm,34.27636 ,131.22670 
147,長府,令和6年7月6日,7:20,"下関市清末鞍馬一丁目
　　藪の中",目撃者徒歩にて進行中、藪の中を移動する熊ようの動物を目撃したもの,1,約100cm,34.06348 ,131.02320 
148,山口,令和6年7月7日,5:30,"山口市秋穂東大河内地区
　　海岸沿い",目撃者が散歩中、海から砂浜に上がってきた熊を目撃したもの,1,約100cm,34.03797 ,131.47488 
149,防府,令和6年7月7日,7:34,"防府市台道
　　県道上",車で走行中、県道を横切る熊を目撃したもの,1,約100cm,34.04340 ,131.47587 
150,柳井,令和6年7月8日,14:40,"柳井市伊陸
　　川土手",車で走行中、川土手において熊ようの動物を目撃したもの,1,約100cm,34.02451 ,132.12724 
151,光,令和6年7月7日,11:00,"光市大字塩田
　　水田",水田内に熊の足跡を発見したもの,不明,不明,34.00936 ,132.04849 
152,岩国,令和6年7月8日,16:41,"岩国市本郷町波野
　　県道上　",車で走行中、県道を横切る熊を目撃したもの,1,約100cm,34.25019 ,132.02718 
153,周南,令和6年7月8日,19:16,"周南市大字馬神
　　県道上",車で走行中、県道を横切る熊を目撃したもの,1,約100cm,34.12297 ,131.71502 
154,山口,令和6年7月8日,20:30,"山口市阿東徳佐下
　　国道上",車で走行中、国道脇にいる熊を目撃したもの,1,約100cm,34.37907 ,131.69899 
155,萩,令和6年7月9日,7:30,"萩市大字高佐上
　むつみ演習場内",むつみ演習場内にいる熊を目撃したもの,1,約100cm,34.49581 ,131.60845 
156,萩,令和6年7月9日,10:40,"萩市大字福井下
　　山中",車で走行中、山中を移動する熊を目撃したもの,1,約100cm,34.41116 ,131.48210 
157,萩,令和6年7月9日,17:50,"萩市大字吉部下
　　県道上",車で走行中、県道を横切る熊を目撃したもの,1,約100cm,34.42675 ,131.56497 
158,萩,令和6年7月10日,16:40,"萩市大字高佐上
　　むつみ演習場内",むつみ演習場内にいる熊を目撃したもの,1,約90cm,34.48649 ,131.59597 
159,光,令和6年7月9日,15:00,"周南市大字原
　　田んぼの畔",草刈中、田んぼの畔を移動する熊を目撃したもの,1,約100cm,34.05860 ,131.96627 
160,山口,令和6年7月11日,7:30,"山口市阿東生雲中
　　遊歩道",設置している定点カメラに、遊歩道を移動する熊が映っていたもの,1,不明,34.33065 ,131.57265 
161,岩国,令和6年7月11日,11:00,"岩国市周東町西長野
　　国道上",自転車で走行中、国道上にいる熊を目撃したもの,1,約100cm,34.10173 ,132.00712 
162,下松,令和6年7月11日,18:45,"下松市大字末武上
　　県道上",車で走行中、県道を横切る熊を目撃したもの,1,約80cm,34.04677 ,131.87589 
163,岩国,令和6年7月12日,11:00,"岩国市守内
　　国道上",バス停でバスを待っていたところ、国道を横切る熊を目撃したもの,1,約100cm,34.17369 ,132.13020 
164,山口南,令和6年7月12日,17:00,"山口市秋穂二島
　　田んぼの中",田んぼ内を移動する熊を目撃したもの,1,約50cm,34.05128 ,131.44118 
165,岩国,令和6年7月14日,4:40,"岩国市美和町中垣内
　　一般民家敷地内",一般民家敷地内に設置している防犯カメラに熊が録画されていたもの,1,約150cm,34.24018 ,132.12419 
166,宇部,令和6年7月18日,0:56,"宇部市大字小串
　　市道上",市道上にいる熊ようの動物を目撃したもの,1,約100cm,33.97447 ,131.24821 
167,柳井,令和6年7月18日,8:00,"柳井市柳井
　　県道上",車で走行中、県道を横切る熊ようの動物を目撃したもの,1,約100cm,34.01024 ,132.07812 
168,光,令和6年7月18日,9:00,"周南市大字八代
　　国道上",車で走行中、国道を横切る熊を目撃したもの,1,約150cm,34.10427 ,131.93686 
169,柳井,令和6年7月18日,14:53,"柳井市柳井
　　県道上",車で走行中、県道を横切る熊を目撃したもの,1,約100cm,33.99748 ,132.10432 
170,宇部,令和6年7月19日,1:00,"宇部市大字小串
　　県道上",車で走行中、県道を横切る熊ようの動物を目撃したもの,1,約50cm,33.97039 ,131.25224 
171,山口,令和6年7月21日,10:51,"山口市仁保中郷
　　山中",国道沿いの山中に熊ようの動物を目撃したもの,1,不明,34.21218 ,131.52848 
172,山口,令和6年7月22日,19:40,"山口市仁保中郷
　　県道上",車で走行中、県道を横切る熊を目撃したもの,1,約100cm,34.17242 ,131.57332 
173,萩,令和6年7月24日,6:15,"萩市大字上小川西分
　　県道上",車で走行中、県道を横切る熊を目撃したもの,1,約150cm,34.56111 ,131.65749 
174,萩,令和6年7月24日,6:30,"阿武町大字奈古
　　藪の中",車を駐車場に止めて降車した際、そばの藪の中に熊を目撃したもの,1,約80cm,34.52526 ,131.49040 
175,萩,令和6年7月24日,6:10,"萩市大字紫福
　　県道上",車で走行中、県道端にいる熊を目撃したもの,1,約100cm,34.49579 ,131.55160 
176,美祢,令和6年7月28日,8:32,"美祢市美東町絵堂
　　国道上",車で走行中、国道を横切る熊を目撃したもの,1,約100cm,34.29400 ,131.37272 
177,長門,令和６年７月中旬,13:30,"長門市油谷後畑
　　市道上",車で走行中、市道を横切る熊を目撃したもの,1,約100cm,34.40922 ,131.07111 
178,長門,令和6年7月29日,12:00,"長門市深川湯本
　　川土手",草刈り作業をしていたところ、草むらから出てきた熊を目撃したもの,1,約100cm,34.32000 ,131.18513 
179,山口,令和6年7月29日,17:00,"山口市阿東嘉年下
　　国道上",車で走行中、国道を横切る熊を目撃したもの,1,約100cm,34.45666 ,131.67634 
180,岩国,令和6年7月29日,16:40,"岩国市美和町生見
　　付近住民管理の敷地",敷地内に設置してある養蜂箱が熊によって荒らされていたもの,ー,ー,34.25565 ,132.09586 
181,山口,令和6年7月30日,20:02,"山口市徳地
　　国道上",車で走行中、国道を横切る熊を目撃したもの,1,約150cm,34.20993 ,131.67289 
182,山口,令和6年7月30日,19:20,"山口市徳地
　　川沿い",知人と立ち話していたところ、川沿いの茂みに熊を目撃したもの,1,約90cm,34.21468 ,131.66767 
183,光,令和6年7月31日,7:15,"周南市大字原
　　県道上",車で走行中、県道を横切る熊を目撃したもの,1,約100cm,34.06784 ,131.96202 
184,山口南,令和6年7月31日,20:30,"山口市秋穂二島
　　県道上",車で走行中、県道脇にいる熊ようの動物を目撃したもの,1,約100cm,34.04243 ,131.42829 
185,岩国,令和6年8月2日,17:00,"岩国市美和町生見
　　一般民家の敷地内",敷地内を散歩中、熊に荒らされた養蜂箱を発見したもの,ー,ー,34.25673 ,132.09664 
186,周南,令和6年8月3日,7:45,"周南市大字高瀬
　　島地川",溝掃除中、島地川を横切る熊を目撃したもの,1,約100cm,34.16780 ,131.75614 
187,岩国,令和6年8月5日,6:30,"岩国市美和町北中山
　　県道沿い",県道沿いにある柿の木から降りてくる熊を目撃したもの,1,約100cm,34.31352 ,132.09155 
188,萩,令和6年8月6日,10:30,"萩市川上
　　市道上",車で走行中、市道沿いにいる熊を目撃したもの,1,約100cm,34.38331 ,131.45709 
189,長門,令和6年8月7日,11:20,"長門市東深川
　　県道上",車で走行中、県道を横切る熊を目撃したもの,1,約120cm,34.36754 ,131.19643 
190,周南,令和6年8月8日,9:50,"周南市大字中須北
　　県道上",車で走行中、県道を横切る熊を目撃したもの,1,約100cm,34.13198 ,131.91763 
191,光,令和6年8月9日,6:20,"周南市大字呼坂
　　農免道路上",車で走行中、農免道路上に熊を目撃したもの,1,約150cm,34.05453 ,131.95445 
192,岩国,令和6年8月10日,5:30,"岩国市美和町生見
　　生見川沿い",目撃者が自宅庭から、生見川沿いを移動する熊を目撃したもの,1,約80cm,34.24817 ,132.08905 
193,長門,令和6年8月9日,17:00,"長門市深川湯本
　　墓地横の通路",車で走行中、墓地横の通路にいる熊ようの動物を目撃したもの,1,約50cm,34.32944 ,131.17532 
194,光,令和6年8月12日,22:00,"周南市大字原
　　市道上",車で走行中、市道上にいる熊を目撃したもの,1,約100cm,34.05725 ,131.97113 
195,光,令和6年8月13日,10:15,"周南市大字呼坂
　　農免道路上",自転車で走行中、農免道路を横切る熊を目撃したもの,1,約100cm,34.04405 ,131.93724 
196,岩国,令和6年8月14日,6:30,"岩国市美和町田ノ口
　　畑",畑内にあったハチの巣が、熊により荒らされていたもの,不明,不明,34.23618 ,132.10446 
197,山口,令和6年8月14日,6:00,"山口市仁保上郷
　　山中",養蜂箱が熊によって荒らされていたもの,不明,不明,34.23232 ,131.57029 
198,岩国,令和6年8月15日,8:00,"岩国市阿品
　　養蜂場",養蜂箱が熊によって荒らされていたもの,不明,不明,34.18783 ,132.13557 
199,長門,令和6年8月15日,21:00,"長門市日置中
　　水田",目撃者が徒歩にて移動中、水田内に熊を目撃したもの,1,約120cm,34.39344 ,131.09596 
200,萩,令和6年8月16日,6:10,"萩市大字紫福
　　県道上",車で走行中、県道脇にいる熊を目撃したもの,1,約100cm,34.45468 ,131.48721 
201,萩,令和6年8月17日,18:30,"阿武郡阿武町大字宇田
　　山道及び田畑",目撃者が自宅内から外を見たところ、山道と田畑に１頭ずつ熊を目撃したもの,2,不明,34.56555 ,131.55712 
202,山口,令和6年8月17日,19:25,"山口市徳地柚木
　　庭先",目撃者が自宅内から庭先にいる熊を目撃したもの,1,約100cm,34.34560 ,131.73598 
203,光,令和6年8月20日,7:00,"周南市大字八代
　　畑",発見者が管理する畑の梨が荒らされているのを発見したもの,不明,不明,34.08667 ,131.92476 
204,岩国,令和6年8月21日,7:00,"岩国市周東町獺越
　　蔵",近所の蔵の壁板が破壊され、熊の爪痕が残っていたもの,不明,不明,34.11389 ,132.01698 
205,周南,令和6年8月21日,12:05,"周南市大字徳山
　　国道上",車で走行中、路肩に熊ようの動物が座っていたもの,1,約80cm,34.07477 ,131.83320 
206,下松,令和6年8月22日,6:50,"下松市大字下谷
　　県道上",車で走行中、法面から出てきた熊を目撃したもの,1,約150cm,34.11389 ,132.01698 
207,下関,令和6年8月22日,18:53,"下関市大字井田
　　県道脇",車で走行中、県道脇にいる熊を目撃したもの,1,約100cm,34.04458 ,130.97363 
208,周南,令和6年8月23日,9:05,"周南市大字米光
　　畑付近",発見者の所有する畑の周辺に熊ようの動物の足跡を発見したもの,不明,不明,34.12436 ,131.72638 
209,長門,令和6年8月23日,21:00,"長門市仙崎
　　みすゞ公園付近",車で走行中、付近の山際を歩く熊を目撃したもの,1,約80ｃｍ,34.37817 ,131.20393 
210,萩,令和6年8月23日,16:35,"萩市大字片俣
　　県道上",車で走行中、県道を横切る熊を目撃したもの,1,約150cm,34.48115 ,131.62438 
211,岩国,令和6年8月24日,7:00,"岩国市美和町下畑
　　畑",発見者所有の畑の柿の木が熊により折られ、木の皮が剥がされていたもの,不明,不明,34.24921 ,132.05851 
212,光,令和6年8月26日,17:00,"光市大字室積村
　　県道上",自転車で走行中、県道上にいる熊を目撃したもの,1,約100cm,33.93023 ,131.98664 
213,防府,令和6年8月25日,21:49,"防府市大字台道
　　路上",車で走行中、熊ようの動物を目撃したもの,1,約100cm,34.05516 ,131.48628 
214,萩,令和6年9月1日,12:00,"萩市大字上田万
　　市道上",車で走行中、市道を横切る熊を目撃したもの,1,約60cm,34.62944 ,131.66881 
215,萩,令和6年9月2日,5:30,"阿武郡阿武町大字宇生賀
　　町道上",バイクで走行中、町道を横切る熊ようの動物を目撃したもの,1,約130cm,34.48997 ,131.57623 
216,岩国,令和6年8月31日,8:00,"岩国市六呂師
　　空き家",近所の空き家の壁が剥がされ、養蜂箱が荒らされていたもの,不明,不明,34.10993 ,132.17247 
217,防府,令和6年9月3日,8:00,"防府市久兼
　　山中",車で走行中、山中から路上に出てくる熊を目撃したもの,1,約100cm,34.12203 ,131.63125 
218,周南,令和6年9月4日,19:30,"周南市大字大道理
　　国道上
　　　　
　　",車で走行中、国道上を移動する熊を目撃したもの,4,"約100cm
他３頭
約80cm",34.15665 ,131.81918 
219,光,令和6年9月4日,7:00,"周南市大字八代
　　畑",畑において、熊ようの足跡を発見したもの,不明,不明,34.08084 ,131.92520 
220,萩,令和6年9月4日,16:25,"萩市大字山田
　　県道上",車で走行中、県道脇にいる熊を目撃したもの,1,約120cm,34.32814 ,131.35978 
221,岩国,令和6年9月4日,12:00,"岩国市美和町
　　林道",林道沿いの柿の木に熊の爪痕等を発見したもの,不明,不明,34.26808 ,132.07933 
222,長門,令和6年9月6日,16:00,"長門市俵山
　　県道上",徒歩で移動中、県道脇にいる熊を目撃したもの,2,"約120cm
約60cm",34.28628 ,131.10731 
223,岩国,令和6年9月6日,7:30,"岩国市叶木
　　田",田の近くの柿の木に、皮が剥がされた痕、糞を発見したもの,不明,不明,34.09589 ,132.13971 
224,周南,令和6年9月6日,15:00,"周南市大字徳山
　　国道上",車で走行中、熊と車両が接触したもの,1,約100cm,34.09094 ,131.84231 
225,下松,令和6年9月6日,17:15,"下松市大字下谷
　　県道上",原付で走行中、県道を移動する熊を目撃したもの,1,約50cm,34.06330 ,131.87820 
226,山口,令和6年9月7日,13:07,"山口市徳地岸見
　　県道上",車で走行中、県道を横切る熊を目撃したもの,1,約100cm,34.16010 ,131.63294 
227,長門,令和6年9月8日,9:48,"長門市俵山
　　共同墓地",墓地の藪の中に熊を目撃したもの,1,約80cm,34.28405 ,131.10743 
228,山陽小野田,令和6年9月8日,10:50,"山陽小野田市大字山野井
　　県道付近",コンバインで走行中、県道付近で熊を目撃したもの,1,約70cm,34.07777 ,131.13220 
229,下松,令和6年9月9日,6:45,"下松市大字下谷
　　県道上",車で走行中、県道を横切る熊を目撃したもの,1,約100cm,34.09707 ,131.87814 
230,岩国,令和6年9月8日,6:00,"岩国市美和町
　　畑",畑の柿の木の枝が折られ、柿の実も食べられ、爪痕も発見されたもの,不明,不明,34.24531 ,132.08873 
231,岩国,令和6年9月8日,17:00,"岩国市錦町
　　草地",柿の木の柿が食べられているのを発見したもの,不明,不明,34.33760 ,132.00636 
232,岩国,令和6年9月9日,5:30,"岩国市周東町
　　栗畑",栗の木２本の枝が折られ、栗の実１０個程度食べられていたもの,不明,不明,34.05939 ,132.13171 
233,岩国,令和6年9月10日,13:15,"岩国市錦町広瀬
　　",発見者の自宅北側にいる熊を目撃したもの,1,約100cm,34.26616 ,131.95822 
234,岩国,令和6年9月10日,12:05,"岩国市下
　　国道上",車で走行中、国道上にいる熊を目撃したもの,2,"約100cm
約50cm",34.16815 ,132.09732 
235,岩国,令和6年9月10日,21:45,"岩国市美和町
　　県道上",車で走行中、県道を横切る熊を目撃したもの,1,約100cm,34.22957 ,132.12574 
236,岩国,令和6年9月10日,17:00,"岩国市美和町
　　市道上",犬の散歩中、市道を横断する熊を目撃したもの,1,約150cm,34.25259 ,132.10173 
237,周南,令和6年9月10日,18:00,"周南市大字須々万本郷
　　市道上",畑作業中、市道を横断する熊を目撃したもの,1,約100cm,34.11542 ,131.87274 
238,萩,令和6年9月11日,7:50,"萩市大字福井上
　　県道上",車で走行中、県道付近に熊を目撃したもの,1,約100cm,34.41539 ,131.50801 
239,岩国,令和6年9月11日,8:30,"岩国市美和町
　　栗林",栗林の栗の木の枝が折られ、栗の実数個の食害を認め、木の枝に爪痕を発見したもの,不明,不明,34.23121 ,132.13496 
240,萩,令和6年9月11日,21:17,"萩市大字明木
　　県道上",目撃者が県道を歩いていたところ、熊を目撃したもの,1,約170cm,34.34383 ,131.41365 
241,萩,令和6年9月12日,8:00,"萩市大字高佐下
　　県道上",車で走行中、県道を横切る熊を目撃したもの,1,約150cm,34.44727 ,131.60273 
242,岩国,令和6年9月12日,8:30,"岩国市周東町祖生
　　イチョウの木",車で走行中、イチョウの木に熊棚を発見したもの,不明,不明,34.06054 ,132.13454 
243,岩国,令和6年9月12日,0:30,"岩国市美和町
　　柿の木",目撃者が在宅中、付近の柿の木に登る熊を目撃したもの,1,不明,34.27436 ,132.06557 
244,岩国,令和6年9月11日,8:30,"岩国市天尾
　　国道上",車で走行中、国道を横切る熊を目撃したもの,1,約50cm,34.18269 ,132.05413 
245,下松,令和6年9月13日,7:35,"下松市大字下谷
　　県道上",車で走行中、県道を横切る熊を目撃したもの,1,約100cm,34.10446 ,131.87608 
246,萩,令和6年9月12日,16:50,"萩市大字福井下
　　市道上",目撃者が市道を歩いていたところ、熊を目撃したもの,3,"約150cm
他２頭
不明",34.43592 ,131.48515 
247,岩国,令和6年9月13日,8:00,"岩国市美和町
　　山中",イノシシ用の罠が熊により倒されていたもの,不明,不明,34.26894 ,132.11219 
248,岩国,令和6年9月14日,7:00,"岩国市通津
　　市道上",市道上にいる熊を目撃したもの,1,約100cm,34.07424 ,132.17304 
249,長門,令和6年9月15日,5:33,"長門市俵山
　　山中",目撃者方の裏庭から山中に移動する熊を目撃したもの,1,約60cm,34.31390 ,131.13105 
250,岩国,令和6年9月15日,8:10,"岩国市錦町須川
　　畑付近",畑付近の路上にいる熊を目撃したもの,1,約100cm,34.33646 ,132.00890 
251,萩,令和6年9月15日,11:50,"萩市大字福井下
　　市道上",車で走行中、熊を目撃したもの,1,約80cm,34.42525 ,131.45986 
252,萩,令和6年9月15日,19:20,"萩市大字山田
　　国道上",車で走行中、熊を目撃したもの,1,約100cm,34.31435 ,131.36508 
253,萩,令和6年9月15日,19:30,"萩市大字上田万
　　市道上",車で走行中、熊を目撃したもの,1,約60cm,34.62710 ,131.67191 
254,岩国,令和6年9月16日,8:20,"岩国市周東町獺越
　　県道上",車で走行中、熊を目撃したもの,1,約100cm,34.11691 ,132.00401 
255,周南,令和6年9月16日,8:00,"周南市大字須々万本郷
　　柿の木",柿の実が食べられており、熊ようの動物の足跡が残っていたもの,不明,不明,34.11514 ,131.85303 
256,岩国,令和6年9月14日,10:55,"岩国市錦町宇佐
　　栗林",熊に栗の木の枝が折られており、付近に糞が落ちていたもの,不明,不明,34.43825 ,132.06822 
257,岩国,令和6年9月16日,17:00,"岩国市錦町宇佐
　　栗林",熊に栗の木の枝が折られており、付近に糞が落ちていたもの,不明,不明,34.41297 ,132.05451 
258,周南,令和6年9月17日,11:25,"周南市大字鹿野上
　　市道上",車で走行中、熊を目撃したもの,1,約100cm,34.22823 ,131.82008 
259,山口南,令和6年9月17日,16:00,"山口市小郡山手上町
　　路上",目撃者が徒歩で移動中、熊ようの動物を目撃したもの,1,約30cm,34.10691 ,131.39472 
260,柳井,令和6年9月17日,19:35,"平生町大字大野南
　　町道上",目撃者が徒歩で移動中、熊ようの動物を目撃したもの,1,約100cm,33.92876 ,132.08476 
261,岩国,令和6年9月18日,8:05,"岩国市錦町広瀬
　　国道上",車で走行中、国道を横切る熊を目撃したもの,1,約100cm,34.26700 ,131.96670 
262,岩国,令和6年9月18日,7:20,"岩国市錦町須川
　　柿の木",熊に柿の木の枝を折られ、柿の実を食べられていたもの,不明,不明,34.33696 ,132.00678 
263,岩国,令和6年9月18日,8:20,"岩国市錦町須川
　　栗の木",熊に栗の木の枝が折られ、栗の実を食べられていたもの,不明,不明,34.33623 ,131.99817 
264,光,令和6年9月17日,11:30,"光市大字小周防
　　田んぼ",田んぼの中に熊の足跡を発見したもの,不明,不明,34.02151 ,131.97047 
265,岩国,令和6年9月19日,7:30,"岩国市錦町須川
　　柿の木",熊に柿の木の枝を折られ、柿の実を食べられていたもの,不明,不明,34.33752 ,132.00634 
266,岩国,令和6年9月19日,9:15,"岩国市錦町府谷
　　養蜂箱",熊により養蜂箱を倒されていたもの,不明,不明,34.27607 ,131.99497 
267,岩国,令和6年9月19日,19:30,"岩国市錦町野谷
　　市道上",車で走行中、熊を目撃したもの,1,約80cm,34.21739 ,131.94863 
268,岩国,令和6年9月19日,6:00,"岩国市本郷町
　　県道上",車で走行中、県道を横切る熊を目撃したもの,1,約70cm,34.26349 ,132.04293 
269,岩国,令和6年9月19日,6:30,"岩国市伊房
　　栗の木",熊に栗の木の枝が折られ、栗の実を食べられていたもの,不明,不明,34.14729 ,132.08589 
270,下松,令和6年9月19日,3:00,"下松市大字山田
　　山中",自宅から確認したところ、山中にいる熊を目撃したもの,1,約150m,34.03849 ,131.89632 
271,岩国,令和6年9月20日,6:20,"岩国市錦町深川
　　柿の木",熊に柿の木の枝を折られ、柿の実を食べられていたもの,不明,不明,34.31324 ,131.98867 
272,周南,令和6年9月20日,7:55,"周南市大字中須南
　　県道上",車で走行中、県道を横切る熊を目撃したもの,1,約100cm,34.10199 ,131.90970 
273,長門,令和6年9月19日,15:05,"長門市油谷蔵小田
　　市道上",原付で走行中、県道を移動する熊を目撃したもの,1,約60cm,34.39645 ,131.05133 
274,岩国,令和6年9月19日,16:00,"岩国市伊房
　　栗の木",熊に栗の木の枝が折られ、栗の実を食べられていたもの,不明,不明,34.13988 ,132.07729 
275,光,令和6年9月20日,15:30,"周南市大字八代
　　祠",熊により祠の地蔵が倒されていたもの,不明,不明,34.11131 ,131.94427 
276,下松,令和6年9月20日,0:00,"下松市大字山田
　　山中",民家に設置してある防犯カメラに熊が映っていたもの,1,不明,34.03855 ,131.89621 
277,岩国,令和6年9月20日,23:50,"岩国市美和町釜ヶ原
　　庭先",目撃者の庭にいる熊を目撃したもの,1,約120cm,34.28684 ,132.13291 
278,岩国,令和6年9月21日,11:00,"岩国市伊房
　　栗の木",熊に栗の木の枝が折られ、栗の実を食べられていたもの,不明,不明,34.14038 ,132.08262 
279,山口,令和6年9月21日,15:30,"山口市徳地柚木
　　市道上",車で走行中、市道を横切る熊を目撃したもの,1,約80cm,34.32716 ,131.69093 
280,岩国,令和6年9月22日,7:30,"岩国市錦町須川
　　柿の木",熊に柿の木の枝を折られ、柿の実を食べられていたもの,不明,不明,34.33160 ,131.99499 
281,防府,令和6年9月22日,7:00,"防府市大字奥畑
　　庭先",熊により養蜂箱を荒らされていたもの,不明,不明,34.15013 ,131.64933 
282,岩国,令和6年9月21日,18:40,"岩国市美和町阿賀
　　敷地内",空き家に設置してある防犯カメラに熊が映っていたもの,1,約100cm,34.27279 ,132.06792 
283,岩国,令和6年9月23日,11:00,"岩国市美和町岸根
　　養蜂箱",熊により養蜂箱を倒されていたもの,不明,不明,34.23963 ,132.13394 
284,岩国,令和6年9月23日,10:00,"岩国市美和町釜ヶ原
　　山中",熊に栗と柿の木の枝を折られ、栗と柿の実を食べられていたもの,不明,不明,34.28548 ,132.13353 
285,岩国,令和6年9月24日,6:17,"岩国市錦町須川
　　養蜂箱",熊により養蜂箱を倒されていたもの,不明,不明,34.33162 ,131.99492 
286,防府,令和6年9月24日,5:30,"防府市大字奥畑
　　庭先",目撃者の庭にいる熊を目撃したもの,1,約120cm,34.14997 ,131.64948 
287,岩国,令和6年9月24日,16:00,"岩国市入野
　　栗の木",熊に栗の木の枝が折られ、栗の実を食べられていたもの,不明,不明,34.14245 ,132.09796 
288,周南,令和6年9月25日,5:25,"周南市大字須々万本郷
　　市道上",車で走行中、市道を横切る熊を目撃したもの,1,約100cm,34.12143 ,131.85994 
289,岩国,令和6年9月25日,7:15,"岩国市美和町下畑
　　県道上",車で走行中、県道を横切る熊を目撃したもの,1,約80cm,34.22730 ,132.05905 
290,岩国,令和6年9月24日,16:00,"岩国市寺山
　　柿の木",熊に柿の木の枝を折られ、柿の実を食べられていたもの,不明,不明,34.15084 ,132.11843 
291,岩国,令和6年9月25日,8:00,"岩国市周東町樋余地
　　栗の木",熊に栗の実を食べられていたもの,不明,不明,34.10620 ,131.97527 
292,岩国,令和6年9月26日,10:00,"岩国市周東町祖生
　　栗の木",熊に栗の木の枝が折られ、栗の実を食べられていたもの,不明,不明,34.26894 ,132.11219 
293,岩国,令和6年9月26日,12:00,"岩国市美和町下畑
　　山中",自宅で作業中、山から出てきた熊を目撃したもの,1,約70cm,34.26396 ,132.06459 
294,周南,令和6年9月27日,15:10,"周南市大字中野
　　市道上",車で走行中、市道を横切る熊を目撃したもの,2,"約100cm
約50cm",34.13125 ,131.76276 
295,岩国,令和6年9月27日,6:50,"岩国市美川町南桑
　　錦川",錦川を横断する熊を目撃したもの,1,約100cm,34.21426 ,132.01580 
296,岩国,令和6年9月27日,8:00,"岩国市錦町須川
　　柿の木",熊に柿の木の枝を折られ、柿の実を食べられていたもの,不明,不明,34.32600 ,131.99309 
297,岩国,令和6年9月26日,17:30,"岩国市美和町渋前
　　栗の木",熊に栗の木の枝が折られ、栗の実を食べられていたもの,不明,不明,34.21214 ,132.08106 
298,岩国,令和6年9月27日,9:00,"岩国市大山
　　栗の木",熊に栗の木の枝が折られ、栗の実を食べられていたもの,不明,不明,34.14074 ,132.08573 
299,光,令和6年9月28日,8:00,"光市三井
　　児童遊園地付近路上",自転車で進行中、熊を目撃したもの,2,不明,33.99348 ,131.95927 
300,萩,令和6年9月28日,16:55,"萩市大字下小川
　　田んぼ",自宅庭で作業中、田んぼにいる熊を目撃したもの,1,約100cm,34.58855 ,131.71851 
301,岩国,令和6年9月28日,16:00,"岩国市錦町深川
　　栗の木",熊に栗の木の枝が折られ、栗の実を食べられていたもの,不明,不明,34.31708 ,131.98791 
302,岩国,令和6年9月29日,16:00,"岩国市周東町祖生
　　柿の木",熊に柿の木の枝を折られ、柿の実を食べられていたもの,不明,不明,34.06389 ,132.13916 
303,光,令和6年9月27日,15:00,"周南市大字奥関屋
　　栗の木",熊に栗の木の枝が折られ、栗の実を食べられていたもの,不明,不明,34.06620 ,131.94951 
304,萩,令和6年9月30日,17:00,"萩市大字佐々並
　　国道上",車で走行中、国道を横切る熊を目撃したもの,1,約50cm,34.26217 ,131.47795 
305,萩,令和6年9月30日,22:52,"萩市川上
　　山中",在宅中、物音がしたため裏山を確認したところ、熊を目撃したもの,2,"約150cm
約50cm",34.37148 ,131.44749 
306,光,令和6年9月29日,11:00,"周南市大字八代
　　栗の木",熊に栗の木の枝が折られ、栗の実を食べられていたもの,不明,不明,34.09329 ,131.93109 
307,萩,令和6年10月1日,16:00,"萩市大字佐々並
　　県道上",車で走行中、県道を横切る熊を目撃したもの,1,約60cm,34.29239 ,131.47382 
308,山口,令和6年10月1日,20:13,"山口市阿東徳佐中
　　線路上",電車で進行中、線路上で熊と衝突したもの,1,不明,34.42499 ,131.73285 
309,岩国,令和6年10月2日,6:30,"岩国市錦町須川
　　柿の木",熊に柿の木の枝を折られ、柿の実を食べられていたもの,不明,不明,34.33000 ,131.99670 
310,岩国,令和6年9月30日,7:00,"岩国市本郷町本郷
　　畑",畑において、熊の足跡を発見したもの,不明,不明,34.28685 ,132.03678 
311,岩国,令和6年10月2日,10:00,"岩国市上田
　　栗の木",熊に栗の木の枝が折られ、栗の実を食べられていたもの,不明,不明,34.15507 ,132.10888 
312,岩国,令和6年10月3日,8:00,"岩国市寺山
　　栗の木",熊に栗の木の枝が折られ、栗の実を食べられていたもの,不明,不明,34.15664 ,132.11227 
313,山口,令和6年10月3日,18:30,"山口市大内御堀
　　路上",犬の散歩中、熊ようの動物を目撃したもの,1,約150cm,34.16916 ,131.48821 
314,長門,令和6年10月4日,11:45,"長門市深川湯本
　　山中",車で走行中、トンネルの上の山中にいる熊を目撃したもの,1,約100cm,34.33755 ,131.16975 
315,岩国,令和6年10月4日,16:30,"岩国市阿品
　　栗の木",熊に栗の木の枝が折られ、栗の実を食べられていたもの,不明,不明,34.18124 ,132.14212 
316,岩国,令和6年10月4日,14:30,"岩国市通津
　　県道上",車で走行中、県道上にいる熊を目撃したもの,2,"約80cm
約40cm",34.07359 ,132.17233 
317,周南,令和6年10月5日,22:30,"周南市大字夜市
　　路上",ランニング中、背後から熊に襲われたもの,1,約100cm,34.09158 ,131.71407 
318,周南,令和6年10月6日,11:23,"周南市大字鹿野上
　　市道上",徒歩で進行中、市道を横切る熊を目撃したもの,1,約100cm,34.22905 ,131.81866 
319,長府,令和6年10月6日,13:30,"下関市菊川町下岡枝
　　山中",車で走行中、山裾にいる熊を目撃したもの,1,約100cm,34.13835 ,131.03529 
320,岩国,令和6年10月6日,11:00,"岩国市美和町釜ヶ原
　　柿の木",熊に柿の木の枝を折られ、柿の実を食べられていたもの,不明,不明,34.28551 ,132.13359 
321,岩国,令和6年10月6日,9:00,"岩国市大山
　　栗の木",熊に栗の木の枝が折られ、栗の実を食べられていたもの,不明,不明,34.14179 ,132.08255 
322,岩国,令和6年10月6日,9:00,"岩国市大山
　　栗の木",熊に栗の木の枝が折られ、栗の実を食べられていたもの,不明,不明,34.14027 ,132.08256 
323,岩国,令和6年10月3日,9:00,"岩国市大山
　　栗の木",熊に栗の木の枝が折られ、栗の実を食べられていたもの,不明,不明,34.14022 ,132.08695 
324,岩国,令和6年10月3日,9:15,"岩国市大山
　　柿の木",熊に柿の木の枝を折られ、熊の爪痕があったもの,不明,不明,34.14038 ,132.08601 
325,岩国,令和6年10月5日,13:00,"岩国市竹安
　　栗の木",熊に栗の木の枝が折られ、栗の実を食べられていたもの,不明,不明,34.14784 ,132.08760 
326,萩,令和6年10月7日,7:20,"萩市大字弥富上
　　市道上",車で走行中、市道脇にいる熊を目撃したもの,1,約100cm,34.55461 ,131.59861 
327,小串,令和6年10月7日,9:10,"下関市豊北町大字田耕
　　国道上",車で走行中、国道を横切る熊ようの動物を目撃したもの,1,約100cm,34.29090 ,130.96306 
328,岩国,令和6年10月4日,13:00,"岩国市美和町秋掛
　　敷地内",空き家の草刈りをしていたところ、庭の木が折れ、熊の糞を発見したもの,不明,不明,34.30411 ,132.06610 
329,周南,令和6年10月7日,17:00,"周南市大字須々万本郷
　　国道沿い",車で走行中、国道沿いにいる熊を目撃したもの,1,約100cm,34.11496 ,131.85633 
330,岩国,令和6年10月8日,11:45,"岩国市入野
　　水田",水田の水路に熊の糞及び付近の柿の木に実の食害を発見したもの,不明,不明,34.14238 ,132.09846 
331,岩国,令和6年10月8日,6:00,"岩国市美和町大根川
　　栗の木",熊に栗の木の枝が折られ、栗の実を食べられていたもの,不明,不明,34.22732 ,132.12725 
332,岩国,令和6年10月9日,8:00,"岩国市錦町宇佐
　　栗の木",熊に栗の実を食べられ、熊棚及び爪痕を発見したもの,不明,不明,34.42682 ,132.06311 
333,岩国,令和6年10月9日,10:00,"岩国市美和町北中山
　　一般民家（空き家）",熊に屋根瓦を剥がされていたもの,不明,不明,34.30256 ,132.09414 
334,岩国,令和6年10月10日,12:02,"岩国市美和町下畑
　　県道上",車で走行中、県道上にいる熊を目撃したもの,1,約70cm,34.24060 ,132.06160 
335,萩,令和6年10月10日,16:00,"萩市大字上小川東分
　　市道上",車で走行中、市道上にいる熊を目撃したもの,1,約100cm,34.57802 ,131.67536 
336,周南,令和6年10月10日,17:45,"周南市大字鹿野中
　　県道上",車で走行中、県道を横切る熊を目撃したもの,2,"約50cm
約50cm",34.22125 ,131.80873 
337,周南,令和6年10月10日,18:37,"周南市大字鹿野下
　　国道上",車で走行中、国道上にいる熊を目撃したもの,1,約100cm,34.21732 ,131.81843 
338,岩国,令和6年10月11日,8:00,"岩国市美和町釜ヶ原
　　栗の木",熊に栗の木の枝が折られ、栗の実を食べられていたもの,不明,不明,34.28768 ,132.13796 
339,岩国,令和6年10月11日,9:10,"岩国市多田
　　県道上",車で走行中、県道を横切る熊を目撃したもの,1,約100cm,34.17993 ,132.17346 
340,萩,令和6年10月11日,20:13,"萩市大字弥富上
　　国道上",車で走行中、国道脇にいる熊を目撃したもの,1,約100cm,34.55060 ,131.62067 
341,岩国,令和6年10月11日,17:00,"岩国市錦町宇佐
　　柿の木",柿の木に熊棚、熊の爪痕があったもの,不明,不明,34.43062 ,132.06109 
342,長門,令和6年10月11日,19:30,"長門市三隅
　　田んぼ",養蜂箱付近に設置された防犯カメラに熊が映っていたもの,1,約100cm,34.34983 ,131.30514 
343,岩国,令和6年10月11日,16:00,"岩国市伊房
　　栗の木",栗の木に熊棚、食害があったもの,不明,不明,34.13899 ,132.07711 
344,岩国,令和6年10月12日,9:00,"岩国市伊房
　　栗の木",栗の木に熊棚、食害があったもの,不明,不明,34.13901 ,132.07779 
345,岩国,令和6年10月12日,8:00,"岩国市寺山
　　栗の木柿の木",熊に栗の木柿の木の枝が折られ、実を食べられていたもの,不明,不明,34.15133 ,132.11902 
346,柳井,令和6年10月12日,19:30,"熊毛郡平生町大字曽根
　　町道上",自転車で走行中、町道にいる熊ようの動物を目撃したもの,1,約50cm,33.93168 ,132.07286 
347,山口,令和6年10月13日,17:45,"山口市徳地野谷
　　一般民家敷地内",目撃者が在宅中、屋外で物音がしたため確認したところ、熊を目撃したもの,1,約150m,34.27506 ,131.63820 
348,山口,令和6年10月14日,6:50,"山口市徳地野谷
　　国道上",車で走行中、国道を横切る熊を目撃したもの,1,約70cm,34.31869 ,131.68950 
349,岩国,令和6年10月13日,10:00,"岩国市錦町大野
　　栗の木",熊に栗の木の枝が折られ、栗の実を食べられていたもの,不明,不明,34.31975 ,131.93745 
350,山口,令和6年10月14日,9:35,"山口市徳地三谷
　　県道上",車で走行中、県道を横切る熊を目撃したもの,1,約100cm,34.23227 ,131.67656 
351,岩国,令和6年10月14日,7:00,"岩国市美川町南桑
　　栗の木",栗畑に赴いたところ、熊を目撃したもの,2,"約80cm
約80cm",34.20202 ,132.03615 
352,萩,令和6年10月14日,16:00,"萩市大字中小川
　　県道上",車で走行中、県道を横切る熊を目撃したもの,1,約100cm,34.59080 ,131.68275 
353,周南,令和6年10月15日,8:53,"周南市大字米光
　　国道上",車で走行中、国道を横切る熊を目撃したもの,1,約80cm,34.13482 ,131.72202 
354,山口,令和6年10月15日,8:42,"山口市徳地上村
　　市道脇",散歩中、市道脇にいる熊を目撃したもの,1,約100cm,34.13694 ,131.71952 
355,岩国,令和6年10月14日,11:00,"岩国市錦町府谷
　　栗の木",栗の木に熊棚、糞があったもの,不明,不明,34.27971 ,132.00161 
356,岩国,令和6年10月14日,9:00,"岩国市伊房
　　栗の木",栗の木に熊棚、爪痕、足跡、糞があったもの,不明,不明,34.14341 ,132.07888 
357,岩国,令和6年10月14日,9:00,"岩国市上田
　　栗の木",栗の木が折られ、爪痕、食害があったもの,不明,不明,34.15273 ,132.10784 
358,光,令和6年10月15日,10:00,"周南市大字樋口　
　　市道上",目撃者が自宅付近において熊を目撃したもの,3,"約70cm
約50cm
約50cm",34.06854 ,131.97647 
359,山口,令和6年10月15日,12:35,"山口市徳地三谷
　　県道上",車で進行中、県道を横切る熊を目撃したもの,3,"約100cm
約70cm
約70cm",34.27381 ,131.75164 
360,岩国,令和6年10月15日,8:30,"岩国市錦町宇佐
　　栗の木",栗の木が折られ、爪痕、食害があったもの,不明,不明,34.41368 ,132.05356 
361,岩国,令和6年10月16日,8:00,"岩国市美和町生見
　　栗の木",栗の木が折られ、食害があったもの,不明,不明,34.23579 ,132.09014 
362,岩国,令和6年10月12日,7:00,"岩国市錦町深川
　　栗の木",栗の木が折られ、熊棚があったもの,不明,不明,34.31266 ,131.97825 
363,岩国,令和6年10月16日,11:30,"岩国市美川町四馬神
　　栗の木",栗の木が折られ、爪痕、食害があったもの,不明,不明,34.24691 ,131.97974 
364,岩国,令和6年10月15日,15:00,"岩国市美和町岸根
　　栗の木",栗の木が折られ、食害、糞があったもの,不明,不明,34.24419 ,132.14373 
365,光,令和6年10月16日,20:00,"光市大字小周防
　　市道上",自転車で走行中、市道を横断しようとする熊を目撃したもの,1,約100cm,34.01986 ,131.97169 
366,周南,令和6年10月16日,23:00,"周南市大字鹿野下
　　市道上",車で走行中、市道上にいる熊を目撃したもの,1,約100cm,34.22117 ,131.82983 
367,岩国,令和6年10月16日,15:00,"岩国市大山
　　栗の木",栗の木が折られ、爪痕、食害があったもの,不明,不明,34.13740 ,132.09430 
368,光,令和6年10月17日,17:20,"周南市大字原
　　県道上",車で走行中、県道を横切る熊を目撃したもの,3,"約100cm
約50cm
約50cm",34.06782 ,131.96165 
369,岩国,令和6年10月17日,4:10,岩国市美和町下畑,イノシシ用の箱罠に入っている熊が防犯カメラに映っていたもの,1,約100cm,34.25143 ,132.06795 
370,岩国,令和6年10月18日,6:30,"岩国市美和町下畑
　　栗の木",栗の木が折られ、食害があったもの,不明,不明,34.24289 ,132.06629 
371,岩国,令和6年10月18日,12:00,"岩国市美和町渋前
　　栗の木",栗の木が折られ、爪痕、食害、糞があったもの,不明,不明,34.22105 ,132.10703 
372,岩国,令和6年10月19日,9:20,"岩国市由宇町
　　竹藪",知人宅付近の竹藪にいた熊を目撃したもの,1,約100cm,34.02525 ,132.16238 
373,岩国,令和6年10月19日,11:00,"岩国市美和町生見
　　栗の木",栗の木が折られ、爪痕、食害があったもの,不明,不明,34.22658 ,132.06556 
374,周南,令和6年10月19日,23:47,"周南市大字鹿野下
　　市道上",自宅にいたところ、付近から物音がしたため、懐中電灯で照らしたところ、熊を目撃したもの,1,約100cm,34.20214 ,131.81542 
375,周南,令和6年10月20日,7:00,"周南市大字戸田
　　自宅敷地内",敷地内の倉庫の壁面が剥がされ、付近に熊ようの動物の足跡を発見したもの,不明,足跡約6cm,34.07571 ,131.66505 
376,岩国,令和6年10月20日,7:00,岩国市周東町祖生,養蜂箱が壊され、はちみつの食害があったもの,不明,不明,34.05047 ,132.14962 
377,岩国,令和6年10月19日,17:00,"岩国市美和町上駄床
　　栗の木",栗の木が折られ、栗の実の食害があったもの,不明,不明,34.26788 ,132.11101 
378,岩国,令和6年10月20日,19:46,"岩国市錦町中ノ瀬
　　国道上",車で走行中、国道を横切る熊を目撃したもの,2,"約80cm
約60cm",34.28659 ,131.96204 
379,岩国,令和6年10月19日,18:00,"岩国市六呂師
　　自宅敷地の倉庫付近",物音がしたので確認したところ、養蜂箱がひっくり返されており、数日後同所に熊を目撃したもの,1,約100cm,34.09822 ,132.15966 
380,岩国,令和6年10月21日,9:00,"岩国市美和町佐坂
　　栗の木",栗の木が折られ、栗の実の食害及び糞があったもの,不明,不明,34.23314 ,132.11574 
381,岩国,令和6年10月20日,9:00,"岩国市美和町渋前
　　栗の木",栗の木が折られ、爪痕、熊棚、栗の実の食害及び糞があったもの,不明,不明,34.22447 ,132.08564 
382,岩国,令和6年10月21日,7:00,"岩国市美和町渋前
　　栗の木",栗の木が折られ、爪痕、栗の実の食害及び糞があったもの,不明,不明,34.22428 ,132.10573 
383,岩国,令和6年10月20日,16:00,"岩国市美川町南桑
　　栗の木",栗の木が折られ、爪痕、栗の実の食害があったもの,不明,不明,34.21329 ,132.02688 
384,岩国,令和6年10月21日,14:50,"岩国市寺山
　　栗の木",栗の木が折られ、爪痕、熊棚、栗の実の食害があったもの,不明,不明,34.15653 ,132.11518 
385,岩国,令和6年10月21日,10:00,"岩国市美和町釜ヶ原
　　栗の木",栗の木が折られ、爪痕、栗の実の食害があったもの,不明,不明,34.28524 ,132.13325 
386,岩国,令和6年10月21日,8:00,"岩国市美和町百合谷
　　栗の木",栗の木が折られ、爪痕、栗の実の食害があったもの,不明,不明,34.24097 ,132.14072 
387,岩国,令和6年10月22日,8:00,"岩国市美和町下畑
　　自宅敷地内の物置",自宅敷地内の物置の蜂の巣が落とされ、物置の壁が壊されていたもの,不明,不明,34.22315 ,132.05614 
388,周南,令和6年10月22日,11:00,"周南市大字湯野
　　山中",車で走行中、山中にいる熊を目撃したもの,1,約90cm,34.11846 ,131.69212 
389,岩国,令和6年10月21日,7:00,"岩国市美和町下畑
　　栗の木",散歩中、栗の木の上にいる熊を目撃したもの,1,約100cm,34.25694 ,132.06447 
390,柳井,令和6年10月22日,15:50,"柳井市日積
　　市道沿いの法面",車で走行中、市道沿いの法面にいる熊を目撃したもの,1,約100cm,34.00081 ,132.14799 
391,岩国,令和6年10月22日,8:00,"岩国市周東町祖生
　　畑",養蜂箱が倒され、食害があったもの,不明,不明,34.06281 ,132.12779 
392,岩国,令和6年10月21日,16:30,"岩国市入野
　　栗の木",栗の木が折られ、爪痕、栗の実の食害があったもの,不明,不明,34.14130 ,132.10035 
393,下松,令和6年10月23日,16:38,"下松市大字瀬戸
　　県道上",車で走行中、県道を横切る熊を目撃したもの,1,約120cm,34.08347 ,131.87935 
394,光,令和6年10月23日,17:00,"光市大字島田
　　市道上",犬の散歩中、市道脇にいる熊を目撃したもの,1,約80cm,33.98859 ,131.97205 
395,柳井,令和6年10月23日,18:50,"熊毛郡平生町大字平生村
　　道路脇",車で走行中、道路脇にいる熊ようの動物を目撃したもの,1,約70cm,33.94382 ,132.07312 
396,周南,令和6年10月24日,0:05,"周南市大字鹿野下
　　市道上",車で走行中、市道上にいる熊を目撃したもの,1,約100cm,34.21688 ,131.82253 
397,岩国,令和6年10月23日,7:30,"岩国市美和町生見
　　栗の木",栗の木が折られ、栗の実の食害があったもの,不明,不明,34.25482 ,132.09020 
398,岩国,令和6年10月23日,7:35,"岩国市錦町須川
　　栗の木",栗の木が折られ、熊棚、栗の実の食害があったもの,不明,不明,34.33285 ,131.99281 
399,岩国,令和6年10月23日,9:30,"岩国市大山
　　栗の木",栗の木が折られ、栗の実の食害、糞があったもの,不明,不明,34.14227 ,132.09726 
400,岩国,令和6年10月23日,9:40,岩国市錦町須川,イノシシ用の箱罠が壊されているのを発見したもの,不明,不明,34.33555 ,131.99923 
401,岩国,令和6年10月27日,17:30,"岩国市錦町広瀬
　　栗の木",栗の木が折られ、栗の実の食害があったもの,不明,不明,34.26353 ,131.94819 
402,周南,令和6年10月23日,14:00,"周南市大字湯野
　　山中",倉庫の板壁が剥がされ、ミツバチの巣が壊されていたもの,不明,不明,34.10849 ,131.64783 
403,岩国,令和6年10月23日,8:00,"岩国市美和町釜ヶ原
　　栗の木",栗の木が折られ、栗の実の食害、糞があったもの,不明,不明,34.26931 ,132.13446 
404,岩国,令和6年10月23日,14:20,"岩国市周東町祖生
　　栗の木",栗の木が折られ、熊棚、爪痕、糞を発見、また柿の実の食害があったもの,不明,不明,34.05855 ,132.14059 
405,岩国,令和6年10月24日,8:30,"岩国市美和町佐坂
　　栗の木",栗の木が折られ、爪痕、栗の実の食害、糞があったもの,不明,不明,34.22945 ,132.10842 
406,岩国,令和6年10月24日,11:25,"岩国市美和町下畑
　　栗の木",栗の木が折られ、栗の実の食害があったもの,不明,不明,34.22905 ,132.05966 
407,岩国,令和6年10月24日,14:00,"岩国市入野
　　栗の木",栗の木が折られ、爪痕、栗の実の食害があったもの,不明,不明,34.13940 ,132.10095 
408,岩国,令和6年10月24日,9:00,"岩国市美和町渋前
　　栗の木",栗の木が折られ、栗の実の食害があったもの,不明,不明,34.22649 ,132.09233 
409,防府,令和6年10月23日,16:00,"防府市大字久兼
　　栗の木",栗の木が折られ、爪痕、栗の実の食害、糞があったもの,不明,不明,34.05855 ,132.14059 
410,山口,令和6年10月25日,6:00,"山口市阿東徳佐中
　　山中",犬の散歩中、山中から出てきた熊を目撃したもの,1,約100cm,34.41833 ,131.72821 
411,周南,令和6年10月26日,7:55,"周南市大字湯野
　　山裾",駐車場で作業中、山裾にいる熊を目撃したもの,1,約100cm,34.10754 ,131.68048 
412,下松,令和6年10月26日,10:55,"下松市大字下谷
　　駐車場",駐車場の金網フェンスをよじ登る熊を目撃したもの,1,約80cm,34.08160 ,131.87772 
413,岩国,令和6年10月25日,21:30,"岩国市美和町岸根
　　県道脇",車で走行中、県道脇にいる熊を目撃したもの,1,約70cm,34.23860 ,132.13436 
414,周南,令和6年10月26日,19:35,"周南市大字四熊
　　市道上",車で走行中、市道を横切る熊を目撃したもの,1,約150cm,34.11107 ,131.75339 
415,周南,令和6年10月27日,6:00,"周南市大字鹿野中
　　一般住宅敷地内",在宅中、屋外で物音がしたため外を確認したところ、熊を目撃したもの,1,約120cm,34.22282 ,131.80519 
416,岩国,令和6年10月27日,5:50,"岩国市本郷町本郷
　　県道上",車で走行中、熊を目撃したもの,1,約70cm,34.27352 ,132.03799 
417,岩国,令和6年10月21日,15:00,"岩国市入野
　　栗の木",栗の木が折られ、爪痕、栗の実の食害があったもの,不明,不明,34.13954 ,132.10093 
418,岩国,令和6年10月24日,15:00,"岩国市大山
　　栗の木",栗の木が折られ、爪痕、熊棚、栗の実の食害があったもの,不明,不明,34.14215 ,132.09738 
419,岩国,令和6年10月24日,17:00,"岩国市美和町北中山
　　栗の木",栗の木が折られ、栗の実の食害があったもの,不明,不明,34.27979 ,132.08949 
420,岩国,令和6年10月25日,7:50,"岩国市本郷町宇塚
　　イノシシの罠",設置していたイノシシ用の箱罠付近に足跡を発見したもの,不明,不明,34.30018 ,132.03238 
421,岩国,令和6年10月25日,7:50,"岩国市錦町深川
　　栗の木",栗の木が折られ、爪痕、栗の実の食害があったもの,不明,不明,34.30747 ,131.97717 
422,岩国,令和6年10月25日,8:00,"岩国市錦町府谷
　　倉庫",倉庫の土壁の破損を発見したもの,不明,不明,34.28896 ,132.01351 
423,岩国,令和6年10月25日,16:00,"岩国市近延
　　栗の木",栗の木が折られ、爪痕、栗の実の食害、糞があったもの,不明,不明,34.14126 ,132.10919 
424,岩国,令和6年10月26日,7:40,"岩国市錦町須川
　　栗の木",栗の木が折られ、栗の実の食害、熊棚があったもの,不明,不明,34.33283 ,131.99253 
425,岩国,令和6年10月26日,7:00,"岩国市竹安
　　栗の木・柿の木",栗の木・柿の木が折られ、実の食害があったもの,不明,不明,34.14559 ,132.08868 
426,岩国,令和6年10月26日,7:30,"岩国市美和町佐坂
　　栗の木",栗の木が折られ、栗の実の食害があったもの,不明,不明,34.23471 ,132.12025 
427,岩国,令和6年10月26日,12:15,"岩国市錦町府谷
　　倉庫",倉庫内の床板が引っ張り出されているのを発見したもの,不明,不明,34.28897 ,132.01350 
428,岩国,令和6年10月26日,11:00,"岩国市本郷町本郷
　　柿の木",柿の木が折られ、爪痕を発見したもの,不明,不明,34.29769 ,132.04600 
429,岩国,令和6年10月27日,8:00,"岩国市行正
　　柿の木",柿の木が折られ、爪痕、柿の実の食害、糞があったもの,不明,不明,34.14921 ,132.10429 
430,岩国,令和6年10月26日,8:30,"岩国市美和町生見
　　栗の木",栗の木が折られ、爪痕、栗の実の食害があったもの,不明,不明,34.25786 ,132.09057 
431,岩国,令和6年10月28日,2:55,"岩国市本郷町本郷
　　市道上",車で走行中、市道上にいる熊を目撃したもの,1,約60cm,34.29704 ,132.04064 
432,岩国,令和6年10月28日,7:00,"岩国市美和町釜ヶ原
　　柿の木",柿の木が折られ、柿の実の食害、糞があったもの,不明,不明,34.27317 ,132.13242 
433,下松,令和6年10月29日,8:20,"下松市大字下谷
　　駐車場",目撃者の職場駐車場内にいる熊を目撃したもの,1,約80cm,34.08138 ,131.87738 
434,萩,令和6年10月29日,17:45,"萩市大字下小川
　　市道上",車で走行中、市道上にいる熊を目撃したもの,3,"約100cm
約60cm
約60cm",34.59500 ,131.71782 
435,岩国,令和6年10月29日,7:30,"岩国市錦町須川
　　栗の木",栗の木が折られ、栗の実の食害があったもの,不明,不明,34.33312 ,131.99273 
436,周南,令和6年10月26日,7:00,"周南市大字下上
　　柿の木",柿の木が折られ、爪痕、糞があったもの,不明,不明,34.09250 ,131.77860 
437,防府,令和6年10月28日,10:00,"防府市大字久兼
　　柿の木",柿の木が折られ、爪痕、糞があったもの,不明,不明,34.11940 ,131.63733 
438,防府,令和6年10月29日,1:00,"防府市大字久兼
　　柿の木",柿の木が折られ、爪痕があったもの,不明,不明,34.10586 ,131.62998 
439,下松,令和6年10月30日,20:40,"下松市大字下谷
　　県道上",車で走行中、県道上にいる熊を目撃したもの,1,約70cm,34.08715 ,131.88581 
440,岩国,令和6年10月30日,10:00,"岩国市大山
　　栗の木",栗の実の食害、糞があったもの,不明,不明,34.13713 ,132.09446 
441,岩国,令和6年10月30日,13:30,"岩国市入野
　　栗の木",栗の実の食害があったもの,不明,不明,34.14391 ,132.09718 
442,山口,令和6年10月29日,14:00,"山口市徳地藤木
　　柿の木",柿の木の枝が折れ、爪痕があったもの,不明,不明,34.13899 ,131.68581 
443,岩国,令和6年10月31日,7:00,"岩国市入野
　　柿の木",柿の木の枝が折れ、爪痕があったもの,不明,不明,34.14558 ,132.10224 
444,周南,令和6年10月31日,8:00,"周南市大字馬神
　　県道上",県道を横切る熊を目撃したもの,1,約100cm,34.11765 ,131.69927 
445,周南,令和6年11月1日,4:20,"周南市大字大潮
　　国道上",車で走行中、国道上で熊と衝突したもの,1,約150cm,34.25520 ,131.80089 
446,周南,令和6年11月2日,13:50,"周南市大字鹿野中
　　一般住宅敷地内",自宅敷地内で車に乗り込んだ時、付近に熊がいるのを目撃したもの,1,約70cm,34.22262 ,131.81129 
447,柳井,令和6年11月2日,14:00,"柳井市伊陸
　　市道上",市道を散歩中、道路上にいる熊を目撃したもの,1,約100cm,34.02908 ,132.08922 
448,岩国,令和6年11月3日,15:10,"岩国市寺山
　　山中",狩猟中に熊に襲われた,1,約130cm,34.15379 ,132.11008 
449,周南,令和6年11月3日,19:30,"周南市大字須々万
　　市道上",車で走行中、市道を横切る熊を目撃したもの,1,約100cm,34.11618 ,131.86243 
450,山陽小野田,令和6年11月3日,20:10,"山陽小野田市大字鴨庄
　　駐車場",車のバックモニターに熊ようの動物が映ったもの,1,約100cm,34.05654 ,131.16497 
451,光,令和6年11月3日,23:25,"周南市大字奥関屋
　　県道上",車で走行中、県道脇にいる熊を目撃したもの,1,約120cm,34.06919 ,131.95212 
452,岩国,令和6年11月3日,1:00,"岩国市大山
　　一般民家敷地内",防犯カメラに、熊が映っていたもの,1,約100cm,34.14174 ,132.09611 
453,周南,令和6年11月5日,17:40,"周南市大字長穂
　　国道上",車で信号停止中、国道を横切る熊を目撃したもの,2,"約60cm
約60cm",34.13653 ,131.82977 
454,周南,令和6年11月5日,17:50,"周南市大字長穂
　　国道上",車で走行中、熊と衝突したもの,1,約70cm,34.13913 ,131.82893 
455,周南,令和6年11月5日,14:45,"周南市大字中須南
　　県道上",車で走行中、県道脇にいる熊を目撃したもの,1,約100cm,34.09571 ,131.90336 
456,周南,令和6年11月3日,15:57,"周南市大字湯野
　　柿の木",熊の糞を発見し、柿の木の枝が折れ、樹皮が剥がされていたもの,不明,不明,34.10131 ,131.66871 
457,周南,令和6年11月4日,8:00,"周南市大字湯野
　　柿の木",柿の木の枝が折れ、糞を発見したもの,不明,不明,34.10557 ,131.67798 
458,周南,令和6年11月2日,12:00,"周南市大字高瀬
　　柿の木",柿の木の枝が折れ、爪痕を発見したもの,不明,不明,34.16420 ,131.74999 
459,周南,令和6年11月5日,8:00,"周南市大字高瀬
　　柿の木",柿の木の枝が折れ、爪痕を発見したもの,不明,不明,34.17467 ,131.75739 
460,山口,令和6年11月1日,8:00,"山口市徳地八幡
　　柿の木",柿の木の枝が折れ、実の食害を発見したもの,不明,不明,34.23657 ,131.66075 
461,山口,令和6年11月4日,9:00,"山口市徳地掘
　　柿の木",柿の木の枝が折れ、爪痕を発見したもの,不明,不明,34.18435 ,131.66979 
462,岩国,令和6年11月6日,9:30,"岩国市入野
　　柿の木",柿の木の枝が折れ、実の食害及び糞を発見したもの,不明,不明,34.13866 ,132.10065 
463,光,令和6年11月7日,9:00,"光市大字塩田
　　柿の木",柿の木付近に糞及び実の食害を発見したもの,不明,不明,33.99867 ,132.05180 
464,周南,令和6年11月8日,7:12,"周南市大字大道理
　　国道上",車で走行中、国道を横断する熊を目撃したもの,1,約150cm,34.14292 ,131.80446 
465,萩,令和6年11月8日,14:30,"萩市大字高佐下
　　山中",山中に入ったところ、柿の木の登っている熊を目撃したもの,1,約100cm,34.46515 ,131.60459 
466,宇部,令和6年11月8日,14:05,"宇部市大字小野
　　国道上",バイクで走行中、国道を横断する熊を目撃したもの,1,約50cm,34.09753 ,131.31223 
467,岩国,令和6年11月8日,6:00,"岩国市美和町岸根
　　山中",車で走行中、山中にいる熊を目撃したもの,1,約200cm,34.24876 ,132.13171 
468,周南,令和6年11月9日,6:00,"周南市大字鹿野中
　　市道上",車で走行中、市道を横断する熊を目撃したもの,1,約120cm,34.21949 ,131.80771 
469,下松,令和6年11月8日,18:30,"下松市大字下谷
　　市道上",車で走行中、市道上にいる熊を目撃したもの,1,約80cm,34.08534 ,131.88056 
470,周南,令和6年11月10日,7:30,"周南市大字鹿野下
　　一般民家",自宅から外を確認したところ、栗の木に登っている熊を目撃したもの,1,約100cm,34.22262 ,131.81694 
471,岩国,令和6年11月8日,15:00,"岩国市美和町日宛
　　倉庫",倉庫を確認したところ、壁が壊され、同所に熊の爪痕跡を発見したもの,不明,不明,34.21854 ,132.12767 
472,光,令和6年11月8日,7:20,"光市大字塩田
　　柿の木",柿の木に爪痕、熊棚、実の食害を発見したもの,不明,不明,34.00451 ,132.04624 
473,防府,令和6年11月8日,8:55,"防府市大字久兼
　　柿の木",柿の木の枝が折れ、実の食害、爪痕、糞を発見したもの,不明,不明,34.12065 ,131.63571 
474,防府,令和6年11月8日,7:30,"防府市大字久兼
　　柿の木",柿の木に爪痕、実の食害を発見したもの,不明,不明,34.11877 ,131.63583 
475,下松,令和6年11月11日,0:00,"下松市生野屋一丁目
　　一般家屋庭",庭先で物音がするため確認したところ、熊を目撃したもの,1,約100cm,34.03994 ,131.88431 
476,下松,令和6年11月10日,23:30,"下松市生野屋一丁目
　　一般家屋駐車場",駐車中の車両に乗車したところ、車両のそばを歩く熊を目撃したもの,1,約100cm,34.03709 ,131.88434 
477,周南,令和6年11月11日,20:19,"周南市大字四熊
　　市道上",車で走行中、市道に出てきた熊を目撃したもの,1,約150cm,34.11091 ,131.75379 
478,岩国,令和6年10月21日,11:00,"岩国市由宇町
　　柿の木",柿の木に爪痕を発見したもの,不明,不明,34.03520 ,132.16726 
479,柳井,令和6年11月11日,10:30,"柳井市伊陸
　　山中",山中のどんぐりの木の枝が折れ、付近に熊の足跡を発見したもの,不明,不明,34.02281 ,132.13628 
480,周南,令和6年11月12日,23:30,"周南市大字長穂
　　国道上",車で走行中、国道上にいる熊を目撃したもの,1,約80cm,34.13155 ,131.83803 
481,周南,令和6年11月12日,15:00,"周南市大字鹿野下
　　柿の木",柿の木の付近に糞を発見したもの,不明,不明,34.20371 ,131.81099 
482,下松,令和6年11月13日,9:30,"下松市生野屋南
　　市道上",散歩中、市道を横切る熊を目撃したもの,1,約60cm,34.03142 ,131.87740 
483,長府,令和6年11月13日,16:50,"下関市菊川町大字楢崎
　　雑木林",雑木林内にいる熊を目撃したもの,1,約110cm,34.13604 ,131.00071 
484,岩国,令和6年11月13日,8:10,"岩国市大山
　　柿の木",柿の木に爪痕、付近に糞を発見したもの,不明,不明,34.14282 ,132.09699 
485,岩国,令和6年11月13日,10:00,"岩国市入野
　　柿の木",柿の木に爪痕、実の食害、熊棚を発見したもの,不明,不明,34.14527 ,132.10575 
486,長府,令和6年11月14日,12:30,"下関市菊川町大字轡井
　　山中",山中において、熊の唸り声及び足音を聞いたもの,不明,不明,34.11037 ,131.08468 
487,岩国,令和6年11月14日,8:00,"岩国市大山
　　柿の木",柿の木の枝が折れ、実の食害及び糞を発見したもの,不明,不明,34.14171 ,132.09588 
488,長府,令和6年11月16日,17:54,"下関市大字豊浦村
　　藪",徒歩にて県道を進行中、県道沿いの藪に熊を目撃したもの,1,約100cm,33.99135 ,130.97956 
489,柳井,令和6年11月16日,16:00,"柳井市伊陸
　　農道上",車で走行中、農道を横切る熊ようの動物を目撃したもの,1,約100cm,34.01470 ,132.10777 
490,岩国,令和6年11月17日,18:20,"岩国市美和町上駄床
　　市道上",車で走行中、市道上にいる熊を目撃したもの,1,約100cm,34.26870 ,132.10702 
491,岩国,令和6年11月19日,12:30,"岩国市岩国
　　山中",車で走行中、山中にいる熊を目撃したもの,1,約100cm,34.17389 ,132.18357 
492,柳井,令和6年11月20日,14:15,"柳井市大畠
　　市道上",車に乗車中、後方の市道を横切る熊ようの動物を目撃したもの,1,約100cm,33.95872 ,132.15976 
493,柳井,令和6年11月21日,8:00,"柳井市余田
　　柿の木",柿の木に熊の爪痕、付近に糞を発見したもの,不明,不明,34.00053 ,132.07552 
494,山口南,令和6年11月25日,10:00,"山口市小郡上郷
　　畑",畑内に熊の足跡を発見したもの,不明,不明,34.13167 ,131.40650 
495,下松,令和6年11月28日,9:25,"下松市大字下谷
　　市道上",車で走行中、市道上を横切る熊を目撃したもの,1,約100cm,34.10403 ,131.88552 
496,柳井,令和6年11月28日,11:55,"柳井市柳井
　　柿の木",柿の木の枝が折れ、木の幹に爪痕を発見したもの,不明,不明,33.99765 ,132.12249 
497,山口,令和6年11月30日,19:37,"山口市徳地串
　　道路上",車で走行中、道路上にいる熊を目撃したもの,1,約150cm,34.19103 ,131.71504 
498,柳井,令和6年11月30日,14:30,"柳井市伊陸
　　柿の木",柿の木の枝が折れ、柿の実の食害を発見したもの,不明,不明,34.02205 ,132.08765 
499,光,令和6年12月3日,20:19,"周南市大字屋関屋
　　県道上",車で走行中、県道上にいる熊を目撃したもの,1,約100cm,34.07116 ,131.94772 
500,光,令和6年12月4日,19:30,"周南市大字呼坂
　　農免道路上",車で走行中、道路を横切る熊を目撃したもの,1,約130cm,34.05546 ,131.95677 
501,萩,令和6年12月5日,9:40,"萩市大字下小川
　　市道脇",車で走行中、市道脇の柿の木に登る熊を目撃したもの,3,"約100cm
約40cm
約40cm",34.60581 ,131.70672 
502,小串,令和6年12月6日,18:05,"下関市豊北町大字神田上
　　国道脇",車で走行中、国道脇の崖を駆け上がる熊ようの動物を目撃したもの,1,約100cm,34.28444 ,130.89354 
503,山口,令和6年12月7日,18:50,"山口市大内御堀一丁目
　　市道上",車で走行中、市道上にいる熊を目撃したもの,1,約150cm,34.16998 ,131.48756 
504,柳井,令和6年12月8日,16:30,"熊毛郡田布施町大字川西
　　県道上",車で走行中、県道を横切る熊ようの動物を目撃したもの,1,約50cm,33.96466 ,132.01080 
505,柳井,令和6年12月14日,10:30,"柳井市柳井
　　県道脇",車で走行中、県道脇の法面を駆け上がる熊を目撃したもの,1,約50cm,33.99040 ,132.09824 
506,柳井,令和6年12月16日,9:45,"柳井市伊保圧
　　山中",目撃者が山の斜面にいる熊を目撃したもの,1,約100cm,33.95486 ,132.09973 
507,岩国,令和6年12月17日,16:50,"岩国市横山
　　山中",登山中、山中で熊を目撃したもの,1,約100cm,34.16311 ,132.16671 
508,光,令和6年12月19日,10:50,"周南市大字八代
　　県道上",車で走行中、県道を横切る熊を目撃したもの,1,約100cm,34.09739 ,131.92601 
509,長門,令和6年12月29日,23:00,"長門市油谷後畑
　　県道上",車で走行中、県道上にいる熊を目撃したもの,1,約80cm,34.41202 ,131.01187 
